{"3.5": {"0.01": 0, "0.05": 0, "0.1": 0}, "0.08658854166666667": {"0.01": 63, "0.05": 58, "0.1": 58}, "0.04383651944627555": {"0.01": 143, "0.05": 124, "0.1": 105}, "0.029346866725507504": {"0.01": 157, "0.05": 125, "0.1": 100}, "0.022056384742951907": {"0.01": 182, "0.05": 144, "0.1": 116}, "0.017667375132837407": {"0.01": 217, "0.05": 153, "0.1": 119}, "0.014735209395080879": {"0.01": 271, "0.05": 182, "0.1": 134}, "0.012637780311668569": {"0.01": 293, "0.05": 198, "0.1": 142}, "0.011063051073032773": {"0.01": 309, "0.05": 211, "0.1": 156}, "0.009837278106508876": {"0.01": 316, "0.05": 198, "0.1": 152}, "0.00885603941936343": {"0.01": 343, "0.05": 210, "0.1": 152}, "0.008052797287478809": {"0.01": 358, "0.05": 215, "0.1": 153}, "0.00738314644165649": {"0.01": 352, "0.05": 218, "0.1": 157}, "0.006816318163181633": {"0.01": 387, "0.05": 224, "0.1": 160}, "0.006330318895763923": {"0.01": 382, "0.05": 212, "0.1": 161}, "0.005909010129731652": {"0.01": 386, "0.05": 232, "0.1": 169}, "0.0055402815962676": {"0.01": 396, "0.05": 224, "0.1": 163}, "0.00521486825595985": {"0.01": 413, "0.05": 234, "0.1": 162}, "0.004925561069550404": {"0.01": 421, "0.05": 237, "0.1": 179}, "0.004666666666666667": {"0.01": 434, "0.05": 231, "0.1": 180}}