{"0.01": {}, "0.02": {"L0H4": 0.01623706705868244, "L1H1": 0.01764504984021187, "L2H4": 0.019617609679698944}, "0.03": {"L0H4": 0.01623706705868244, "L0H6": 0.02447594702243805, "L1H1": 0.01764504984021187, "L1H3": 0.02843538671731949, "L2H4": 0.019617609679698944, "L3H2": 0.029797352850437164, "L3H4": 0.02627941593527794}, "0.04": {"L0H4": 0.01623706705868244, "L0H6": 0.02447594702243805, "L1H1": 0.01764504984021187, "L1H3": 0.02843538671731949, "L1H6": 0.03670835122466087, "L2H4": 0.019617609679698944, "L2H7": 0.030115559697151184, "L3H1": 0.03058820776641369, "L3H2": 0.029797352850437164, "L3H4": 0.02627941593527794, "L3H5": 0.03959112614393234}, "0.05": {"L0H4": 0.01623706705868244, "L0H6": 0.02447594702243805, "L1H1": 0.01764504984021187, "L1H3": 0.02843538671731949, "L1H5": 0.04031563550233841, "L1H6": 0.03670835122466087, "L2H4": 0.019617609679698944, "L2H7": 0.030115559697151184, "L3H1": 0.03058820776641369, "L3H2": 0.029797352850437164, "L3H4": 0.02627941593527794, "L3H5": 0.03959112614393234}, "0.060000000000000005": {"L0H4": 0.01623706705868244, "L0H6": 0.02447594702243805, "L1H1": 0.01764504984021187, "L1H3": 0.02843538671731949, "L1H5": 0.04031563550233841, "L1H6": 0.03670835122466087, "L1H7": 0.059216126799583435, "L2H4": 0.019617609679698944, "L2H7": 0.030115559697151184, "L3H1": 0.03058820776641369, "L3H2": 0.029797352850437164, "L3H4": 0.02627941593527794, "L3H5": 0.03959112614393234}, "0.06999999999999999": {"L0H4": 0.01623706705868244, "L0H6": 0.02447594702243805, "L1H1": 0.01764504984021187, "L1H3": 0.02843538671731949, "L1H5": 0.04031563550233841, "L1H6": 0.03670835122466087, "L1H7": 0.059216126799583435, "L2H4": 0.019617609679698944, "L2H7": 0.030115559697151184, "L3H1": 0.03058820776641369, "L3H2": 0.029797352850437164, "L3H4": 0.02627941593527794, "L3H5": 0.03959112614393234}, "0.08": {"L0H4": 0.01623706705868244, "L0H6": 0.02447594702243805, "L1H1": 0.01764504984021187, "L1H3": 0.02843538671731949, "L1H5": 0.04031563550233841, "L1H6": 0.03670835122466087, "L1H7": 0.059216126799583435, "L2H4": 0.019617609679698944, "L2H7": 0.030115559697151184, "L3H1": 0.03058820776641369, "L3H2": 0.029797352850437164, "L3H4": 0.02627941593527794, "L3H5": 0.03959112614393234}, "0.09": {"L0H3": 0.08162035793066025, "L0H4": 0.01623706705868244, "L0H6": 0.02447594702243805, "L1H1": 0.01764504984021187, "L1H3": 0.02843538671731949, "L1H5": 0.04031563550233841, "L1H6": 0.03670835122466087, "L1H7": 0.059216126799583435, "L2H1": 0.08805526793003082, "L2H4": 0.019617609679698944, "L2H7": 0.030115559697151184, "L3H1": 0.03058820776641369, "L3H2": 0.029797352850437164, "L3H4": 0.02627941593527794, "L3H5": 0.03959112614393234}, "0.09999999999999999": {"L0H3": 0.08162035793066025, "L0H4": 0.01623706705868244, "L0H6": 0.02447594702243805, "L1H1": 0.01764504984021187, "L1H3": 0.02843538671731949, "L1H5": 0.04031563550233841, "L1H6": 0.03670835122466087, "L1H7": 0.059216126799583435, "L2H1": 0.08805526793003082, "L2H4": 0.019617609679698944, "L2H7": 0.030115559697151184, "L3H1": 0.03058820776641369, "L3H2": 0.029797352850437164, "L3H4": 0.02627941593527794, "L3H5": 0.03959112614393234}, "0.11": {"L0H2": 0.10929969698190689, "L0H3": 0.08162035793066025, "L0H4": 0.01623706705868244, "L0H6": 0.02447594702243805, "L1H1": 0.01764504984021187, "L1H2": 0.10675916075706482, "L1H3": 0.02843538671731949, "L1H5": 0.04031563550233841, "L1H6": 0.03670835122466087, "L1H7": 0.059216126799583435, "L2H1": 0.08805526793003082, "L2H4": 0.019617609679698944, "L2H7": 0.030115559697151184, "L3H1": 0.03058820776641369, "L3H2": 0.029797352850437164, "L3H4": 0.02627941593527794, "L3H5": 0.03959112614393234}, "0.12": {"L0H2": 0.10929969698190689, "L0H3": 0.08162035793066025, "L0H4": 0.01623706705868244, "L0H6": 0.02447594702243805, "L1H1": 0.01764504984021187, "L1H2": 0.10675916075706482, "L1H3": 0.02843538671731949, "L1H5": 0.04031563550233841, "L1H6": 0.03670835122466087, "L1H7": 0.059216126799583435, "L2H1": 0.08805526793003082, "L2H4": 0.019617609679698944, "L2H7": 0.030115559697151184, "L3H1": 0.03058820776641369, "L3H2": 0.029797352850437164, "L3H4": 0.02627941593527794, "L3H5": 0.03959112614393234}, "0.13": {"L0H2": 0.10929969698190689, "L0H3": 0.08162035793066025, "L0H4": 0.01623706705868244, "L0H6": 0.02447594702243805, "L1H1": 0.01764504984021187, "L1H2": 0.10675916075706482, "L1H3": 0.02843538671731949, "L1H5": 0.04031563550233841, "L1H6": 0.03670835122466087, "L1H7": 0.059216126799583435, "L2H1": 0.08805526793003082, "L2H4": 0.019617609679698944, "L2H7": 0.030115559697151184, "L3H1": 0.03058820776641369, "L3H2": 0.029797352850437164, "L3H3": 0.12964804470539093, "L3H4": 0.02627941593527794, "L3H5": 0.03959112614393234}, "0.14": {"L0H2": 0.10929969698190689, "L0H3": 0.08162035793066025, "L0H4": 0.01623706705868244, "L0H6": 0.02447594702243805, "L1H1": 0.01764504984021187, "L1H2": 0.10675916075706482, "L1H3": 0.02843538671731949, "L1H5": 0.04031563550233841, "L1H6": 0.03670835122466087, "L1H7": 0.059216126799583435, "L2H1": 0.08805526793003082, "L2H4": 0.019617609679698944, "L2H7": 0.030115559697151184, "L3H1": 0.03058820776641369, "L3H2": 0.029797352850437164, "L3H3": 0.12964804470539093, "L3H4": 0.02627941593527794, "L3H5": 0.03959112614393234}, "0.15000000000000002": {"L0H2": 0.10929969698190689, "L0H3": 0.08162035793066025, "L0H4": 0.01623706705868244, "L0H6": 0.02447594702243805, "L0H7": 0.14744149148464203, "L1H1": 0.01764504984021187, "L1H2": 0.10675916075706482, "L1H3": 0.02843538671731949, "L1H5": 0.04031563550233841, "L1H6": 0.03670835122466087, "L1H7": 0.059216126799583435, "L2H1": 0.08805526793003082, "L2H4": 0.019617609679698944, "L2H7": 0.030115559697151184, "L3H1": 0.03058820776641369, "L3H2": 0.029797352850437164, "L3H3": 0.12964804470539093, "L3H4": 0.02627941593527794, "L3H5": 0.03959112614393234}}