{"0.01": 862, "0.02": 697, "0.03": 573, "0.04": 425, "0.05": 381, "0.060000000000000005": 356, "0.06999999999999999": 355, "0.08": 335, "0.09": 299, "0.09999999999999999": 289, "0.11": 228, "0.12": 218, "0.13": 217, "0.14": 198, "0.15000000000000002": 160}