{"0.034": {"0.06": 112, "0.095": 96, "0.13": 80, "0.165": 55, "0.2": 55}, "0.03977777777777778": {"0.06": 120, "0.095": 108, "0.13": 98, "0.165": 83, "0.2": 70}, "0.04555555555555556": {"0.06": 111, "0.095": 104, "0.13": 102, "0.165": 94, "0.2": 85}, "0.05133333333333333": {"0.06": 101, "0.095": 97, "0.13": 97, "0.165": 97, "0.2": 66}, "0.05711111111111111": {"0.06": 97, "0.095": 91, "0.13": 88, "0.165": 88, "0.2": 78}, "0.06288888888888888": {"0.06": 93, "0.095": 84, "0.13": 84, "0.165": 84, "0.2": 74}, "0.06866666666666665": {"0.06": 82, "0.095": 80, "0.13": 66, "0.165": 58, "0.2": 56}, "0.07444444444444444": {"0.06": 68, "0.095": 63, "0.13": 63, "0.165": 59, "0.2": 54}, "0.08022222222222222": {"0.06": 65, "0.095": 60, "0.13": 53, "0.165": 53, "0.2": 46}, "0.086": {"0.06": 59, "0.095": 59, "0.13": 56, "0.165": 52, "0.2": 45}}