{"0.01585": {"L0H0": 6.767125159967691e-05, "L0H2": 0.004924475215375423, "L0H3": 0.007151236291974783, "L0H4": 0.0038861394859850407, "L0H5": 0.010858996771275997, "L0H6": 0.00043199467472732067, "L0H7": 0.006172381341457367, "L0H8": 0.0005414489423856139, "L0H9": 0.0017625018954277039, "L0H10": 0.0038736052811145782, "L0H11": 0.0013596019707620144, "L1H0": 0.0009934001136571169, "L1H1": 0.0009111311519518495, "L1H2": 0.0001415098231518641, "L1H3": 0.002099464414641261, "L1H4": 0.00017175877292174846, "L1H5": 0.007087780628353357, "L1H6": 0.00016824115300551057, "L1H7": 0.0019001341424882412, "L1H8": 4.7366054786834866e-05, "L1H9": 4.186543810646981e-05, "L1H10": 0.0003755445941351354, "L1H11": 0.0014911371981725097, "L2H0": 0.0019176354398950934, "L2H1": 0.0021440195851027966, "L2H2": 0.0024937866255640984, "L2H3": 0.000634726311545819, "L2H4": 0.004465111531317234, "L2H5": 0.0022195293568074703, "L2H6": 0.0012349089374765754, "L2H7": 0.0002716673188842833, "L2H8": 0.00040369556518271565, "L2H9": 0.0015040661673992872, "L2H10": 0.0011096474481746554, "L2H11": 0.000666605366859585, "L3H0": 0.0016029649414122105, "L3H1": 4.211334453430027e-05, "L3H2": 0.0005162134184502065, "L3H3": 9.872550435829908e-05, "L3H4": 0.0016808017389848828, "L3H5": 4.4246196921449155e-05, "L3H6": 0.0007966682314872742, "L3H7": 0.0002902288397308439, "L3H8": 0.0012801314005628228, "L3H9": 0.001918972353450954, "L3H10": 0.00046199950156733394, "L3H11": 0.001036580535583198, "L4H0": 0.0006216836627572775, "L4H1": 0.0007477806648239493, "L4H2": 0.00022679475659970194, "L4H3": 0.0024982604663819075, "L4H4": 0.004217165056616068, "L4H5": 0.0035192540381103754, "L4H6": 0.0036064879968762398, "L4H7": 0.002239025430753827, "L4H8": 0.007047594059258699, "L4H9": 0.0008736662566661835, "L4H10": 0.003419474232941866, "L4H11": 0.0024184747599065304, "L5H0": 0.0003077447763644159, "L5H1": 0.0011550470953807235, "L5H2": 0.0015191821148619056, "L5H3": 0.0003632870502769947, "L5H4": 0.000900444108992815, "L5H6": 0.0004729520296677947, "L5H7": 1.3530240721593145e-05, "L5H8": 0.0008746310486458242, "L5H9": 0.0006341412663459778, "L5H10": 0.0018325615674257278, "L5H11": 0.0006412280490621924, "L6H0": 0.00028768248739652336, "L6H1": 0.013874880969524384, "L6H2": 0.0002664410858415067, "L6H3": 0.001548228901810944, "L6H4": 0.0009257324272766709, "L6H5": 0.0030939297284930944, "L6H6": 0.0023849105928093195, "L6H7": 0.0006220135255716741, "L6H8": 0.00026529759634286165, "L6H9": 0.01220828015357256, "L6H10": 0.00024675726308487356, "L6H11": 0.0007837217999622226, "L7H0": 0.0006506588542833924, "L7H1": 0.0010321668814867735, "L7H2": 0.0004886659444309771, "L7H3": 0.0012519649462774396, "L7H4": 0.0008392561576329172, "L7H5": 0.0008065422880463302, "L7H6": 0.0066598160192370415, "L7H7": 0.006874850485473871, "L7H8": 0.0018997789593413472, "L7H9": 0.0009598333272151649, "L7H11": 0.00418847007676959, "L8H0": 0.0007329579093493521, "L8H1": 0.0041774967685341835, "L8H2": 0.0007430202676914632, "L8H3": 0.00037810433423146605, "L8H4": 0.0007910657441243529, "L8H5": 0.0012229938292875886, "L8H6": 0.0020349835976958275, "L8H7": 0.000813256308902055, "L8H9": 0.0024785418063402176, "L8H10": 0.006893704645335674, "L9H0": 2.0624756871256977e-05, "L9H2": 0.00013142768875695765, "L9H3": 0.0021853549405932426, "L9H4": 0.0005770470015704632, "L9H5": 0.0027560198213905096, "L9H6": 0.011121808551251888, "L9H7": 0.0004631008196156472, "L9H8": 0.0003017010458279401, "L9H9": 0.005356532521545887, "L9H10": 0.0001644441654207185, "L9H11": 0.00022356785484589636, "L10H0": 0.0011775634484365582, "L10H1": 0.0014369003474712372, "L10H2": 0.0066895014606416225, "L10H3": 0.002050026785582304, "L10H4": 0.0080448342487216, "L10H5": 7.355903653660789e-05, "L10H6": 0.001933618332259357, "L10H8": 0.0008976056124083698, "L10H9": 0.0001960225636139512, "L10H10": 0.0007631186745129526, "L10H11": 2.5380086299264804e-05, "L11H0": 0.0022798588033765554, "L11H1": 0.00036910586641170084, "L11H2": 0.0013252017088234425, "L11H3": 5.9157886425964534e-05, "L11H4": 0.0003779990365728736, "L11H5": 2.967438194900751e-05, "L11H6": 0.00020378275075927377, "L11H7": 0.00014968878531362861, "L11H8": 0.002299484796822071, "L11H9": 1.3648597814608365e-05, "L11H10": 0.001862249569967389, "L11H11": 3.7477770092664286e-05}}