{"0.0": {"0.08": 538}, "2.38284811e-05": {"0.08": 513}, "6.82082755e-05": {"0.08": 460}, "0.000150934298": {"0.08": 456}, "0.000218203088": {"0.08": 499}, "0.000329843082": {"0.08": 474}, "0.000479909359": {"0.08": 464}, "0.000615596189": {"0.08": 459}, "0.000734498259": {"0.08": 449}, "0.000968689215": {"0.08": 441}, "0.00122944312": {"0.08": 409}, "0.00150710775": {"0.08": 385}, "0.00185378385": {"0.08": 417}, "0.00222017476": {"0.08": 400}, "0.00256084721": {"0.08": 373}, "0.00289705396": {"0.08": 351}, "0.00327157741": {"0.08": 241}, "0.0036731218": {"0.08": 205}, "0.00413499493": {"0.08": 197}, "0.00458357995": {"0.08": 186}, "0.00522358762": {"0.08": 189}, "0.00591202918": {"0.08": 197}, "0.00679141749": {"0.08": 192}, "0.00749874394": {"0.08": 191}, "0.00878367666": {"0.08": 196}, "0.0101053845": {"0.08": 180}, "0.0113945547": {"0.08": 165}, "0.0132022006": {"0.08": 154}, "0.0155601408": {"0.08": 149}, "0.0183076523": {"0.08": 135}, "0.0212819129": {"0.08": 136}, "0.0254760347": {"0.08": 106}, "0.0321723744": {"0.08": 99}, "0.0407917686": {"0.08": 111}, "0.0532582477": {"0.08": 94}, "0.0667442381": {"0.08": 82}, "0.104569145": {"0.08": 33}, "0.213512376": {"0.08": 21}, "0.71212548": {"0.08": 16}, "4.55413389": {"0.08": 0}}