{"0.015": {"0.0335": 216, "0.04785714285714286": 182, "0.06221428571428572": 157, "0.07657142857142857": 150, "0.09092857142857144": 140, "0.10528571428571429": 134, "0.11964285714285715": 124, "0.134": 122}, "0.02142857142857143": {"0.0335": 170, "0.04785714285714286": 148, "0.06221428571428572": 142, "0.07657142857142857": 136, "0.09092857142857144": 121, "0.10528571428571429": 117, "0.11964285714285715": 103, "0.134": 103}, "0.027857142857142858": {"0.0335": 135, "0.04785714285714286": 127, "0.06221428571428572": 114, "0.07657142857142857": 114, "0.09092857142857144": 102, "0.10528571428571429": 96, "0.11964285714285715": 89, "0.134": 89}, "0.03428571428571428": {"0.0335": 128, "0.04785714285714286": 115, "0.06221428571428572": 108, "0.07657142857142857": 100, "0.09092857142857144": 97, "0.10528571428571429": 97, "0.11964285714285715": 94, "0.134": 63}, "0.04071428571428572": {"0.0335": 138, "0.04785714285714286": 131, "0.06221428571428572": 120, "0.07657142857142857": 111, "0.09092857142857144": 108, "0.10528571428571429": 106, "0.11964285714285715": 98, "0.134": 98}, "0.04714285714285714": {"0.0335": 126, "0.04785714285714286": 117, "0.06221428571428572": 105, "0.07657142857142857": 103, "0.09092857142857144": 103, "0.10528571428571429": 93, "0.11964285714285715": 93, "0.134": 93}, "0.05357142857142857": {"0.0335": 113, "0.04785714285714286": 106, "0.06221428571428572": 94, "0.07657142857142857": 94, "0.09092857142857144": 94, "0.10528571428571429": 94, "0.11964285714285715": 94, "0.134": 94}, "0.06": {"0.0335": 106, "0.04785714285714286": 98, "0.06221428571428572": 94, "0.07657142857142857": 88, "0.09092857142857144": 88, "0.10528571428571429": 85, "0.11964285714285715": 85, "0.134": 85}}